lead_id,business_name,trade,address,distance_mi,phone,website,maps_url,rating,reviews,status,status_updated,fit_score,contact_name,contact_email,email_source,personalization_hook,research_notes,draft_id,thread_id,first_sent,followup_1_sent,followup_2_sent,last_reply,reply_type,reply_snippet,next_action,history
ChIJEQ6BLyiTOIgRVQbysrbssfM,"Peterman Brothers Heating, Cooling, Plumbing, and Electrical",hvac+plumbing,"5900 Sawmill Rd #210, Dublin, OH 43017, USA",1.4,(740) 201-9325,https://petermanhvac.com/,https://maps.google.com/?cid=17560076691524683349,4.8,100,New,2026-09-29,,,,,,,,,,,,,,,Research,2026-09-29 discovered via Places API
ChIJ1wo40pHtOIgRRGqnzVccPn8,Hilliard-Dublin,hvac+plumbing,"7243 Sawmill Rd #205B, Dublin, OH 43016, USA",1.6,(614) 344-6883,https://hilliarddublinheatingandair.com/,https://maps.google.com/?cid=9168797054810942020,4.9,336,New,2026-09-29,,,,,,,,,,,,,,,Research,2026-09-29 discovered via Places API
ChIJr8lWWUiTOIgRJvI_r84Y8o8,"Air Force One, Inc.",hvac+plumbing,"5800 Shier Rings Rd, Dublin, OH 43016, USA",1.6,(614) 889-0121,http://www.airforceone.com/,https://maps.google.com/?cid=10372380167770206758,4.6,33,New,2026-09-29,,,,,,,,,,,,,,,Research,2026-09-29 discovered via Places API
ChIJQ7GBxabtOIgR6bB9bSX81eo,Dublin Plumbing & Drain,plumbing,"7239 Sawmill Rd Ste 205B, Dublin, OH 43016, USA",1.6,(614) 540-3256,https://www.dublinplumbingdrain.com/,https://maps.google.com/?cid=16921708412595450089,4.2,22,New,2026-09-29,,,,,,,,,,,,,,,Research,2026-09-29 discovered via Places API
ChIJQU-oiyDtOIgRWzCszJz221Y,Trinity,hvac,"6200 Wilcox Rd, Dublin, OH 43016, USA",2.0,(614) 323-2064,https://www.trinityheatcool.com/,https://maps.google.com/?cid=6258867260470603867,4.9,49,New,2026-09-29,,,,,,,,,,,,,,,Research,2026-09-29 discovered via Places API
ChIJca-jvONcXWARYgfsManzxcQ,Right Way Heating & Cooling,hvac,"2933 Donnylane Blvd, Columbus, OH 43235, USA",2.4,(614) 751-0193,http://www.rightwayhvac.com/,https://maps.google.com/?cid=14179006909858449250,4.9,452,New,2026-09-29,,,,,,,,,,,,,,,Research,2026-09-29 discovered via Places API
ChIJtbnBpQDzOIgRmlx1M7q1VIM,Hemmelgarn Heating and Cooling Services,hvac,"7617 Sancroft Rd, Columbus, OH 43235, USA",2.5,(614) 365-0109,https://www.hemmelgarnhc.com/,https://maps.google.com/?cid=9463388528344128666,5,10,New,2026-09-29,,,,,,,,,,,,,,,Research,2026-09-29 discovered via Places API
ChIJMxeFvmePOIgR14P0MYM859U,Arrow Heating & Cooling,hvac,"6380 Nicholas Dr, Columbus, OH 43235, USA",2.9,(614) 229-4328,http://arrowhvac.com/,https://maps.google.com/?cid=15413354783875302359,3.9,81,New,2026-09-29,,,,,,,,,,,,,,,Research,2026-09-29 discovered via Places API
ChIJVVWl1JPyOIgRfgT7GZo-ZaI,Bella Plumbing,plumbing,"8400 Covered Wagon Ct, Powell, OH 43065, USA",3.4,(614) 622-4482,https://www.homeadvisor.com/rated.BellaPlumbing.22325380.html,https://maps.google.com/?cid=11701828038373868670,4.8,110,New,2026-09-29,,,,,,,,,,,,,,,Research,2026-09-29 discovered via Places API
ChIJxUVqBsmROIgRMTo8YOUUXY4,Chapman Drainage & Basement Repair,plumbing,"5553 Ballantrae Woods Dr, Dublin, OH 43016, USA",3.9,(614) 273-0429,https://www.chapmandrainage.com/,https://maps.google.com/?cid=10258378501614484017,4.7,202,New,2026-09-29,,,,,,,,,,,,,,,Research,2026-09-29 discovered via Places API
ChIJDYcYp8mTOIgRXw-WpkkdTRU,Old Hilliard Plumbing,hvac+plumbing,"4080 Anson Dr, Hilliard, OH 43026, USA",4.0,(614) 777-9320,https://oldhilliardplumbing.com/,https://maps.google.com/?cid=1534915250167877471,4.5,54,New,2026-09-29,,,,,,,,,,,,,,,Research,2026-09-29 discovered via Places API
ChIJdw3RhH7zOIgRJQK6E65wxTk,TropiCool Heating Air Conditioning Plumbing,hvac,"2541 Parkwood Ave #1f, Columbus, OH 43211, USA",4.2,(614) 219-9992,https://calltropicool.com/ac-repair/,https://maps.google.com/?cid=4162857323531469349,4.4,14,New,2026-09-29,,,,,,,,,,,,,,,Research,2026-09-29 discovered via Places API
ChIJr1Iq3c6UOIgRqFrAzJhCrUQ,Accurate Plumbing,hvac+plumbing,"7595 Fishel Dr S, Dublin, OH 43016, USA",4.2,(614) 526-0131,http://www.accurateplumbinginc.com/,https://maps.google.com/?cid=4948684789587663528,4.8,128,New,2026-09-29,,,,,,,,,,,,,,,Research,2026-09-29 discovered via Places API
ChIJ25fNzumTOIgRSjJTUatIhBw,Metro Heating & Air Conditioning,hvac,"4731 Northwest Pkwy, Hilliard, OH 43026, USA",4.5,(614) 777-1237,http://www.metroheatingandair.com/,https://maps.google.com/?cid=2054847230628803146,4.3,30,New,2026-09-29,,,,,,,,,,,,,,,Research,2026-09-29 discovered via Places API
ChIJJygXrIvtOIgRQkhSgYVbTZM,Metro Comfort Systems Heating and Air Conditioning,hvac,"230 W Case St, Powell, OH 43065, USA",4.6,(614) 760-5883,http://hvacpowelloh.com/,https://maps.google.com/?cid=10614240525740558402,4.8,149,New,2026-09-29,,,,,,,,,,,,,,,Research,2026-09-29 discovered via Places API
ChIJM-H7nVSROIgRRV6pCJvfpAc,Affordable Professional Plumbing,hvac+plumbing,"3840 Lacon Rd #21, Hilliard, OH 43026, USA",4.8,(614) 802-9000,https://www.affordableprofessionalplumbing.com/,https://maps.google.com/?cid=550810911404285509,4.9,615,New,2026-09-29,,,,,,,,,,,,,,,Research,2026-09-29 discovered via Places API
ChIJMfqzDzuNOIgRsl2NGD1yCfU,Wolfe & Sons Heating & Cooling,hvac,"989C Old Henderson Rd, Columbus, OH 43220, USA",4.9,(614) 451-0846,https://www.callwolfeandsons.com/,https://maps.google.com/?cid=17656769420813229490,4.8,36,New,2026-09-29,,,,,,,,,,,,,,,Research,2026-09-29 discovered via Places API
ChIJr50L8NbrOIgRm0EpuSW0faI,Mr French Drain,plumbing,"8567 Frazier Dr, Plain City, OH 43064, USA",4.9,(614) 348-4903,https://mrfrenchdrain.com/,https://maps.google.com/?cid=11708712680346435995,4.8,14,New,2026-09-29,,,,,,,,,,,,,,,Research,2026-09-29 discovered via Places API
ChIJxSwH1MeNOIgRjToURPx62VA,Carrion Air,hvac,"951 N High St, Worthington, OH 43085, USA",5.1,(614) 975-2650,http://carrionair.com/,https://maps.google.com/?cid=5825822816872970893,5,122,New,2026-09-29,,,,,,,,,,,,,,,Research,2026-09-29 discovered via Places API
ChIJsfF0kjafQQARooTOzURP-fw,3 Brothers Heating and Cooling,hvac+plumbing,"3311 Leap Rd, Hilliard, OH 43026, USA",5.6,(614) 948-8972,https://3brothersheatingcooling.com/,https://maps.google.com/?cid=18228688123688027298,5,179,New,2026-09-29,,,,,,,,,,,,,,,Research,2026-09-29 discovered via Places API
ChIJ_3G8PYnzOIgRhLbB9yMHOkM,Emergency Plumbing Heating & Air,hvac+plumbing,"200 E Campus View Blvd, Columbus, OH 43235, USA",5.7,(740) 520-2336,http://www.emergencyplumbingheatingair.com/,https://maps.google.com/?cid=4844192200252307076,5,81,New,2026-09-29,,,,,,,,,,,,,,,Research,2026-09-29 discovered via Places API
ChIJ__8_b62MOIgRpu08h1soHLI,Water Heaters Plus,hvac+plumbing,"6330 Proprietors Rd Ste A, Worthington, OH 43085, USA",5.9,(614) 905-0195,https://www.waterheatersplus.cc/,https://maps.google.com/?cid=12834177411675123110,4.9,581,New,2026-09-29,,,,,,,,,,,,,,,Research,2026-09-29 discovered via Places API
ChIJL8yITlnzOIgRW1gx0SOhvSs,AireCom HVAC,hvac,"6171 Huntley Rd E, Columbus, OH 43229, USA",6.0,(614) 885-2473,https://www.airecomhvac.com/,https://maps.google.com/?cid=3151852489434814555,4.6,61,New,2026-09-29,,,,,,,,,,,,,,,Research,2026-09-29 discovered via Places API
ChIJjQqF5lPzOIgRPBGXx32zEzA,The Comfortworks,hvac,"550 Schrock Rd Ste b, Columbus, OH 43229, USA",6.1,(614) 232-2222,http://thecomfortworks.com/,https://maps.google.com/?cid=3464309891178893628,4.3,11,New,2026-09-29,,,,,,,,,,,,,,,Research,2026-09-29 discovered via Places API
ChIJL3t7qxeNOIgRZ14hhoEjUQE,"Hess Heating & Cooling, LLC",hvac,"788 Busch Ct, Columbus, OH 43229, USA",6.2,(614) 332-0766,http://www.hessheatingcooling.com/,https://maps.google.com/?cid=94896106359578215,4.7,12,New,2026-09-29,,,,,,,,,,,,,,,Research,2026-09-29 discovered via Places API
ChIJmRbqCenzOIgR-lqv6wBFB78,"Evolved Services - Plumbing, Electrical, HVAC",hvac+plumbing,"6740 Huntley Rd # G, Columbus, OH 43229, USA",6.2,(614) 285-4474,https://www.getevolvedservices.com/,https://maps.google.com/?cid=13765046656337664762,4.5,100,New,2026-09-29,,,,,,,,,,,,,,,Research,2026-09-29 discovered via Places API
ChIJnzbPwFbzOIgRcz-MngI9df8,Heartland Heating & Cooling LLC,hvac,"1121 Worthington Woods Blvd #31, Columbus, OH 43085, USA",6.8,(614) 450-2665,https://www.heartlandheating.org/,https://maps.google.com/?cid=18407686133405990771,4.4,19,New,2026-09-29,,,,,,,,,,,,,,,Research,2026-09-29 discovered via Places API
ChIJr6NObKMT-mIRSYQNf3Z2vBI,The Heating and Cooling Pro,hvac,"5475 Roche Dr, Columbus, OH 43229, USA",6.8,(614) 886-4024,https://theheatingandcoolingpro.com/,https://maps.google.com/?cid=1350084239614116937,5,199,New,2026-09-29,,,,,,,,,,,,,,,Research,2026-09-29 discovered via Places API
ChIJherTH5mROIgRU0cJaNgbuHs,"Custom Care Plumbing, Drains and Construction",plumbing,"3500 Millikin Ct Suite F, Columbus, OH 43228, USA",6.8,(614) 529-2273,https://www.ccgplumbing.com/,https://maps.google.com/?cid=8914906078652221267,4.4,54,New,2026-09-29,,,,,,,,,,,,,,,Research,2026-09-29 discovered via Places API
ChIJM88h41XzOIgR6DntphKGeYQ,H2R Plumbing Services LLC,hvac+plumbing,"746 Carle Ave, Lewis Center, OH 43035, USA",6.9,(614) 948-6611,https://h2rplumbing.com/,https://maps.google.com/?cid=9545808299856574952,4.7,74,New,2026-09-29,,,,,,,,,,,,,,,Research,2026-09-29 discovered via Places API
ChIJ6QhSEHqMOIgRfq0YiQPX2AY,Quality Air Heating and Air Conditioning,hvac,"4060 Indianola Ave, Columbus, OH 43214, USA",7.0,(614) 262-1818,http://qualityairandheat.com/,https://maps.google.com/?cid=493380569382038910,4.7,134,New,2026-09-29,,,,,,,,,,,,,,,Research,2026-09-29 discovered via Places API
ChIJwww77TmROIgRqparFoV4C0M,American Air Heating Cooling Electric & Plumbing,hvac+plumbing,"2490 Hilliard Rome Rd, Hilliard, OH 43026, USA",7.1,(614) 851-0099,https://americanairheating.com/,https://maps.google.com/?cid=4831087538291316394,4.8,681,New,2026-09-29,,,,,,,,,,,,,,,Research,2026-09-29 discovered via Places API
ChIJjfjr0y6NOIgRXaOTrLLcHZg,Northland Heating & Air Conditioning,hvac,"694 Moon Rd, Columbus, OH 43224, USA",7.4,(614) 268-3933,https://hvacnorthland.com/,https://maps.google.com/?cid=10961159728047301469,4.9,284,New,2026-09-29,,,,,,,,,,,,,,,Research,2026-09-29 discovered via Places API
ChIJmV90wXb0OIgRmjr8zuufJyU,Polaris Heating and Cooling,hvac,"1121 Pebble Brook Dr, Columbus, OH 43240, USA",7.5,(614) 636-0550,http://www.polarisheatingandcooling.com/,https://maps.google.com/?cid=2677284338633816730,5,51,New,2026-09-29,,,,,,,,,,,,,,,Research,2026-09-29 discovered via Places API
ChIJT1TLwhiLOIgRy7_uZ5zwEmE,AK HEATING & AIR CONDITIONING SERVICES,hvac,"5615 Rocky Pine Loop N, Columbus, OH 43229, USA",7.6,(614) 373-3823,https://akindoorairservices.com/,https://maps.google.com/?cid=6994917725809065931,5,160,New,2026-09-29,,,,,,,,,,,,,,,Research,2026-09-29 discovered via Places API
ChIJwdcFWqCOOIgRDVMf6JMo9-w,"Aire-Flo Heating, Cooling & Generators",hvac,"2587 N High St, Columbus, OH 43202, USA",7.9,(614) 585-8944,https://aire-flo.com/,https://maps.google.com/?cid=17075161127918195469,4.8,444,New,2026-09-29,,,,,,,,,,,,,,,Research,2026-09-29 discovered via Places API
ChIJa5Uis6K_OIgRwKbEaV4Stx4,Foust Plumbing & Heating,hvac+plumbing,"321 W Bigelow Ave Ste 200, Plain City, OH 43064, USA",8.3,(614) 367-5013,http://www.foustplumbingandheating.com/,https://maps.google.com/?cid=2213257938586609344,5,523,New,2026-09-29,,,,,,,,,,,,,,,Research,2026-09-29 discovered via Places API
ChIJITKqUO6_OIgRRqV2T9fiWu0,McCoy Heating and Air Conditioning,hvac,"231 Friend St, Plain City, OH 43064, USA",8.3,(614) 504-5911,http://mccoyheatingandair.com/,https://maps.google.com/?cid=17103231949271901510,4.8,36,New,2026-09-29,,,,,,,,,,,,,,,Research,2026-09-29 discovered via Places API
ChIJPw9--fWOOIgRK4UYj52U3uQ,"Muetzel Plumbing, Heating & Cooling",hvac+plumbing,"1661 Kenny Rd, Columbus, OH 43212, USA",8.4,(380) 246-8052,https://muetzel.com/,https://maps.google.com/?cid=16491782289908860203,4.4,81,New,2026-09-29,,,,,,,,,,,,,,,Research,2026-09-29 discovered via Places API
ChIJUf4NBKaROIgR5s0E_GU0ah4,Bedrock Plumbing & Drain Cleaning,plumbing,"3905 Business Park Dr, Columbus, OH 43204, USA",8.5,(614) 705-2041,https://bedrockplumbersoh.com/,https://maps.google.com/?cid=2191621781293682150,5,15,New,2026-09-29,,,,,,,,,,,,,,,Research,2026-09-29 discovered via Places API
ChIJRbtF_6X1OIgR2qSJa1UErFU,"Inspired Heating & Cooling, Electric, Roofing, Repair LLC",hvac,"1425 Community Park Dr, Columbus, OH 43229, USA",8.6,(614) 530-6003,https://inspiredheatingandcooling.com/,https://maps.google.com/?cid=6173313954141021402,5,18,New,2026-09-29,,,,,,,,,,,,,,,Research,2026-09-29 discovered via Places API
ChIJkeCkTIeD2wIRX5lBdad94wg,Firefly Heating and Cooling,hvac,"1190 Gabrielle Elaine Dr, Columbus, OH 43228, USA",8.8,(614) 363-9941,http://fireflyheatingandcooling.com/,https://maps.google.com/?cid=640493730196986207,4.9,27,New,2026-09-29,,,,,,,,,,,,,,,Research,2026-09-29 discovered via Places API
ChIJHXq6h42POIgROsHYg8s_pL8,TRUSTY SEWER & DRAIN,plumbing,"1456 Delashmut Ave, Columbus, OH 43212, USA",8.8,(614) 321-8700,https://www.calltrusty.com/,https://maps.google.com/?cid=13809232500747714874,5,18,New,2026-09-29,,,,,,,,,,,,,,,Research,2026-09-29 discovered via Places API
ChIJi6ba95y9skARSPXCKiwYVWE,Kendawgs Heating & Cooling,hvac,"2840 Fisher Rd Ste E, Columbus, OH 43204, USA",8.9,(614) 836-8188,https://www.kdhvacair.com/,https://maps.google.com/?cid=7013538572674463048,4.9,76,New,2026-09-29,,,,,,,,,,,,,,,Research,2026-09-29 discovered via Places API
ChIJURfmwsqPOIgRdcRrdANdbZw,Favret Heating & Cooling,hvac,"1296 Dublin Rd, Columbus, OH 43215, USA",8.9,(614) 488-5211,https://favret.com/,https://maps.google.com/?cid=11271767711797724277,4.7,597,New,2026-09-29,,,,,,,,,,,,,,,Research,2026-09-29 discovered via Places API
ChIJJT8G7bCOOIgRhIa7bdAOahQ,McDermott Plumbing,plumbing,"227 E 18th Ave, Columbus, OH 43201, USA",8.9,(614) 664-3439,https://www.mcdermottplumbingservices.com/,https://maps.google.com/?cid=1471004516646880900,4.2,18,New,2026-09-29,,,,,,,,,,,,,,,Research,2026-09-29 discovered via Places API
ChIJFXPO-AGMOIgRURfTjnXWLrg,Columbus Heating & Cooling,hvac,"18 E 12th Ave, Columbus, OH 43201, USA",9.1,(380) 268-8853,https://www.columbus-hvac.com/,https://maps.google.com/?cid=13271780952303146833,4.7,46,New,2026-09-29,,,,,,,,,,,,,,,Research,2026-09-29 discovered via Places API
ChIJ79D1doSROIgRstbB5WCnTOo,"All-Knight, Inc.",hvac,"735 N Wilson Rd, Columbus, OH 43204, USA",9.1,(614) 771-9902,https://allknighthvac.com/,https://maps.google.com/?cid=16883053137718531762,4.7,65,New,2026-09-29,,,,,,,,,,,,,,,Research,2026-09-29 discovered via Places API
ChIJGc5cE7qp50IR6Ee845q0hkQ,Thermo Pros,hvac,"1320 Aberdeen Ave, Columbus, OH 43211, USA",9.1,(614) 581-5743,http://thermoprocomfort.com/,https://maps.google.com/?cid=4937832618797058024,5,355,New,2026-09-29,,,,,,,,,,,,,,,Research,2026-09-29 discovered via Places API
ChIJB7WJXEWPOIgRlZO01B3HLuU,"J. Blanton Plumbing, Sewer & Drain",plumbing,"1387 Goodale Blvd, Columbus, OH 43212, USA",9.3,(614) 547-6516,https://jblantonplumbing.com/columbus,https://maps.google.com/?cid=16514355814550770581,4.8,58,New,2026-09-29,,,,,,,,,,,,,,,Research,2026-09-29 discovered via Places API
ChIJHZVogA5GN4gR57rFe0Yt7Xw,Sewer Pro,plumbing,"2080 Britains Ln, Columbus, OH 43224, USA",9.3,(614) 482-2672,https://www.sewerprodrains.com/,https://maps.google.com/?cid=9001901010931006183,5,227,New,2026-09-29,,,,,,,,,,,,,,,Research,2026-09-29 discovered via Places API
ChIJaw2RfTePOIgRzl8tkNI7ogU,Allegiant Plumbing Services,plumbing,"2235 McKinley Ave, Columbus, OH 43204, USA",9.4,(614) 824-5002,https://allegiantplumbing.com/,https://maps.google.com/?cid=405952691964829646,4.8,129,New,2026-09-29,,,,,,,,,,,,,,,Research,2026-09-29 discovered via Places API
ChIJOWnook95gEMRiYtH0dyaGMk,The Local Plumber LLC,plumbing,"461 Industry Dr, Columbus, OH 43204, USA",9.5,(614) 230-6086,http://localplumbercolumbus.com/,https://maps.google.com/?cid=14490502074259180425,5,402,New,2026-09-29,,,,,,,,,,,,,,,Research,2026-09-29 discovered via Places API
ChIJwyXS10P1OIgR9sJ2LnirDnI,The Drainworks,plumbing,"194 Cornell Ct, Westerville, OH 43081, USA",9.5,(614) 890-7674,http://www.thedrainworks.com/,https://maps.google.com/?cid=8218694902661694198,4.8,47,New,2026-09-29,,,,,,,,,,,,,,,Research,2026-09-29 discovered via Places API
ChIJDamawWFeOIgRTDk0qxldaNs,Westin Air Heating and Cooling - Westerville Ohio,hvac,"670 Meridian Way #194, Westerville, OH 43082, USA",9.6,(614) 794-1259,https://www.westinair.com/,https://maps.google.com/?cid=15809988856712018252,4.9,255,New,2026-09-29,,,,,,,,,,,,,,,Research,2026-09-29 discovered via Places API
ChIJDcwfSEmJOIgR_p62ATzuTAs,Ohio Heating,hvac,"1624 Clara St, Columbus, OH 43211, USA",9.7,(614) 863-6666,https://www.ohheating.com/,https://maps.google.com/?cid=814287574141411070,4.3,167,New,2026-09-29,,,,,,,,,,,,,,,Research,2026-09-29 discovered via Places API
ChIJq6p6W6WWOIgRyhYzZNIE5Yo,Clingman,hvac,"8875 Patterson Rd, Hilliard, OH 43026, USA",9.8,(614) 282-5421,http://www.clingmanhvac.com/,https://maps.google.com/?cid=10008411048571508426,5,46,New,2026-09-29,,,,,,,,,,,,,,,Research,2026-09-29 discovered via Places API
ChIJn-fIGTD1OIgRZRd3yS7FlMU,Westerville,hvac,"279 N State St Suite# 201, Westerville, OH 43081, USA",9.8,(614) 344-6906,https://www.westervilleair.com/,https://maps.google.com/?cid=14237221126764173157,4.9,301,New,2026-09-29,,,,,,,,,,,,,,,Research,2026-09-29 discovered via Places API
ChIJ6zJiVPz1OIgR9esIg4mmn8U,Westerville Plumbing & Drain,plumbing,"285 N State St Ste 204, Westerville, OH 43081, USA",9.8,(614) 540-3506,https://www.westervilleplumbingdrain.com/,https://maps.google.com/?cid=14240283656307928053,4.8,177,New,2026-09-29,,,,,,,,,,,,,,,Research,2026-09-29 discovered via Places API
ChIJa2di5fGKOIgRdo989yaL5AI,Classic Air,hvac,"5180 Westerville Rd, Columbus, OH 43231, USA",9.9,(614) 476-1732,https://www.classicairinc.com/,https://maps.google.com/?cid=208444482243039094,4.9,642,New,2026-09-29,,,,,,,,,,,,,,,Research,2026-09-29 discovered via Places API
ChIJb0baInCJOIgRdjnm9_Dkn6A,Comfort Crew,hvac,"600 Shoemaker Ave Unit 4, Columbus, OH 43201, USA",10.1,(614) 202-6061,http://www.comfortcrewohio.com/,https://maps.google.com/?cid=11574221290967808374,4.9,167,New,2026-09-29,,,,,,,,,,,,,,,Research,2026-09-29 discovered via Places API
ChIJVy0e8_tLawwR5MHoXsiR0DY,TRANSIT & FLOW,plumbing,"875 N High St Ste 414, Columbus, OH 43215, USA",10.1,(614) 333-8092,https://www.transitflowplumbing.com/,https://maps.google.com/?cid=3949817162975724004,4.8,115,New,2026-09-29,,,,,,,,,,,,,,,Research,2026-09-29 discovered via Places API
ChIJc6R3W0f1OIgR16ZMTk8y3kg,Drainbusters,plumbing,"275 Old County Line Rd Q, Westerville, OH 43081, USA",10.3,(614) 332-1277,http://drainbusters1.com/,https://maps.google.com/?cid=5250689531758028503,4.8,83,New,2026-09-29,,,,,,,,,,,,,,,Research,2026-09-29 discovered via Places API
ChIJpX1f0sP1OIgRBUgx54RlEFs,Uptown Heating and Cooling,hvac,"288 E Broadway Ave, Westerville, OH 43081, USA",10.4,(614) 392-6050,http://www.uptownhvac.com/,https://maps.google.com/?cid=6561856278567667717,4.9,291,New,2026-09-29,,,,,,,,,,,,,,,Research,2026-09-29 discovered via Places API
ChIJ9dmkecH3OIgRJsj3UBokS2g,DRS Heating & Cooling,hvac,"960 E 5th Ave Ste 301, Columbus, OH 43201, USA",10.6,(614) 375-2665,https://www.drshvac.com/,https://maps.google.com/?cid=7515140098643970086,5,69,New,2026-09-29,,,,,,,,,,,,,,,Research,2026-09-29 discovered via Places API
ChIJARrqyHuGOIgRA8HR9hYMAD8,Legacy Heating and Cooling,hvac,"1080 Gibbard Ave, Columbus, OH 43201, USA",10.8,(740) 272-4757,https://legacyohio.com/,https://maps.google.com/?cid=4539641717159215363,4.9,154,New,2026-09-29,,,,,,,,,,,,,,,Research,2026-09-29 discovered via Places API
ChIJiQvyTXCPOIgRSR0OQk8T0-0,SewerQuest Drain Cleaning,plumbing,"1082 W Mound St, Columbus, OH 43223, USA",11.4,(614) 228-1775,http://www.sewerquest.com/,https://maps.google.com/?cid=17137062238206434633,4.8,231,New,2026-09-29,,,,,,,,,,,,,,,Research,2026-09-29 discovered via Places API
ChIJIXriLU2bOIgRhDJRn1KBYfM,Mendez Plumbing Service LLC,plumbing,"5073 Sanderson Dr, Columbus, OH 43228, USA",11.5,(614) 902-6993,https://mendezplubmbingservicellc.com/,https://maps.google.com/?cid=17537440615817622148,4.9,47,New,2026-09-29,,,,,,,,,,,,,,,Research,2026-09-29 discovered via Places API
ChIJKz2Yf4NfOIgRgJUFxXv6JaY,Only Drains,plumbing,"106 Nicole Dr, Westerville, OH 43081, USA",11.5,(614) 901-3470,https://www.onlydrainscbus.com/,https://maps.google.com/?cid=11972250593927730560,4.7,41,New,2026-09-29,,,,,,,,,,,,,,,Research,2026-09-29 discovered via Places API
ChIJedIDRmGFOIgR8R7f4vuSIRU,CPR Drain Cleaning,plumbing,"2168 Eakin Rd, Columbus, OH 43223, USA",11.8,(614) 279-3445,https://www.cprdraincleaningoh.com/,https://maps.google.com/?cid=1522659759568658161,4.5,139,New,2026-09-29,,,,,,,,,,,,,,,Research,2026-09-29 discovered via Places API
